 count  , length 
1032,2
21766,11
2055,12
1566,13
2922,14
183791,15
10120,16
14,17
13,18
92,19
183,20
102,21
40,23
84,35
105440,36
354,37
850,38
45,39
79,40
66,41
161,42
68,43
41,44
41,45
90,46
91,47
61,48
52,49
5382,50
1265,51
58,52
70,53
84,54
100,55
59,56
34,57
23,58
192,59
138,60
106,61
141,62
38,63
55,64
50,65
69,66
110,67
75,68
409,69
941,70
2462,71
45532,72
1018,73
3134,74
949,75
1439,76
624,77
1335,78
855,79
2265,80
1432,81
1807,82
18534,83
1274,84
2409,85
2215,86
1276,87
1233,88
724,89
1095,90
1706,91
3082,92
3548,93
3437,94
1816,95
10335,96
15234,97
15668,98
24560,99
20284,100
23372,101
20759,102
21913,103
11530,104
8992,105
3949,106
7624,107
4028,108
21464,109
1035,110
212,111
384,112
114,113
2091,114
641,115
3912,116
192,117
742,118
60,119
348,120
130,121
191,122
45,123
358,124
76,125
116,126
114,127
467,128
269,129
156,130
81,131
425,132
157,133
294,134
125,135
351,136
59,137
170,138
50,139
211,140
97,141
158,142
111,143
250,144
187,145
190,146
77,147
157,148
71,149
233,150
233,151
500,152
367,153
658,154
720,155
626,156
784,157
896,158
580,159
1977,160
532,161
661,162
215,163
1090,164
58,165
1819,166
107,167
1259,168
152,169
2450,170
54,171
2766,172
217,173
4014,174
124,175
1041,176
45,177
2029,178
104,179
929,180
100,181
652,182
55,183
948,184
21,185
105,186
190,187
164,188
72,189
253,190
26,191
118,192
137,193
105,194
16,195
152,196
34,197
38,198
97,199
268,200
90,201
182,202
55,203
1172,204
138,205
235,206
38,207
207,208
39,209
57,210
93,211
135,212
66,213
105,214
33,215
181,216
64,217
64,218
36,219
217,220
56,221
143,222
327,223
176,224
83,225
655,226
116,227
405,228
141,229
278,230
199,231
533,232
133,233
409,234
542,235
1111,236
129,237
927,238
55,239
208,240
1171,241
98,242
148,243
1344,244
139,245
1068,246
988,247
1394,248
209,249
456,250
48,251
98,252
1977,253
75,254
189,255
453,256
84,257
180,258
314,259
135,260
328,261
147,262
72,263
94,264
122,265
82,266
31,267
159,268
62,269
70,270
81,271
384,272
44,273
335,274
51,275
313,276
41,277
14306,278
1688,279
312,280
44,281
68,282
24,283
644,284
81,285
199,286
136,287
788,288
62,289
322,290
114,291
685,292
169,293
276,294
115,295
193,296
140,297
564,298
97,299
426,300
1149,301
458,302
141,303
745,304
236,305
230,306
58,307
603,308
103,309
163,310
108,311
1204,312
160,313
252,314
90,315
1122,316
231,317
1178,318
82,319
509,320
129,321
135,322
81,323
560,324
81,325
202,326
42,327
1126,328
92,329
757,330
214,331
515,332
334,333
1078,334
209,335
934,336
280,337
776,338
61,339
493,340
125,341
134,342
407,343
62,344
107,345
73,346
69,347
224,348
110,349
52,350
305,351
165,352
186,353
114,354
67,355
91,356
125,357
179,358
72,359
85,360
153,361
44,362
199,363
153,364
127,365
122,366
89,367
189,368
150,369
126,370
66,371
134,372
304,373
83,374
95,375
112,376
42,377
583,378
271,379
378,380
159,381
185,382
352,383
120,384
1264,385
60,386
225,387
376,388
193,389
355,390
248,391
178,392
569,393
71,394
127,395
159,396
236,397
239,398
392,399
116,400
209,401
416,402
1217,403
565,404
862,405
673,406
679,407
541,408
12769,409
768,410
3424,411
1356,412
931,413
603,414
459,415
250,416
632,417
2398,418
293,419
973,420
1539,421
300,422
2532,423
1883,424
769,425
1149,426
736,427
818,428
354,429
2685,430
325,431
1400,432
811,433
350,434
1257,435
1035,436
425,437
536,438
258,439
249,440
680,441
277,442
214,443
500,444
379,445
194,446
568,447
385,448
424,449
268,450
740,451
311,452
339,453
626,454
247,455
578,456
862,457
366,458
646,459
2179,460
538,461
1118,462
3412,463
438,464
1439,465
3075,466
536,467
1268,468
1930,469
786,470
758,471
4741,472
392,473
1802,474
1841,475
588,476
824,477
3847,478
328,479
933,480
1332,481
335,482
593,483
1244,484
340,485
890,486
1490,487
545,488
1167,489
3404,490
597,491
1241,492
2007,493
447,494
769,495
4747,496
292,497
1178,498
661,499
556,500
506,501
2374,502
202,503
831,504
660,505
219,506
364,507
397,508
135,509
1118,510
323,511
247,512
317,513
467,514
188,515
701,516
977,517
246,518
363,519
588,520
95,521
783,522
240,523
188,524
254,525
77,526
178,527
424,528
46,529
203,530
91,531
104,532
82,533
168,534
39,535
98,536
93,537
50,538
189,539
177,540
55,541
55,542
75,543
53,544
38,545
154,546
48,547
109,548
69,549
163,550
27,551
95,552
181,553
36,554
80,555
50,556
22,557
33,558
15,559
266,560
41,561
36,562
36,563
91,564
31,565
59,566
86,567
63,568
107,569
92,570
28,571
58,572
341,573
32,574
105,575
18,576
58,577
33,578
45,579
112,580
67,581
39,582
16,583
55,584
21,585
19,586
42,587
170,588
47,589
75,590
28,591
50,592
27,593
30,594
37,595
111,596
46,597
102,598
27,599
73,600
45,601
39,602
81,603
77,604
78,605
20,606
57,607
36,608
32,609
14,610
30,611
105,612
42,613
35,614
42,615
43,616
26,617
36,618
27,619
75,620
40,621
20,622
12,623
15,624
71,625
28,626
65,627
245,628
19,629
98,630
28,631
122,632
40,633
28,634
28,635
87,636
24,637
38,638
34,639
32,640
63,641
27,642
22,643
135,644
33,645
77,646
47,647
41,648
27,649
173,650
18,651
55,652
47,653
11,654
48,655
75,656
19,657
38,658
82,659
47,660
73,661
100,662
86,663
77,664
91,665
55,666
99,667
135,668
74,669
60,670
62,671
68,672
82,673
75,674
574,675
84,676
259,677
69,678
399,679
95,680
32,681
26,682
32,683
34,684
41,685
93,686
74,687
34,688
41,689
38,690
30,691
39,692
83,693
31,694
122,695
38,696
72,697
29,698
50,699
28,700
43,701
38,702
47,703
154,704
33,705
58,706
31,707
48,708
60,709
49,710
47,711
44,712
51,713
82,714
121,715
57,716
57,717
70,718
77,719
86,720
28,721
40,722
118,723
68,724
56,725
41,726
44,727
48,728
83,729
347,730
82,731
31,732
33,733
43,734
36,735
39,736
40,737
18,738
65,739
290,740
71,741
87,742
95,743
58,744
60,745
89,746
183,747
86,748
194,749
91,750
84,751
371,752
238,753
38,754
88,755
22,756
60,757
51,758
65,759
100,760
52,761
58,762
56,763
28,764
105,765
35,766
49,767
65,768
68,769
72,770
76,771
78,772
56,773
27,774
63,775
51,776
126,777
49,778
91,779
262,780
78,781
67,782
93,783
31,784
84,785
53,786
58,787
43,788
60,789
125,790
48,791
22,792
46,793
28,794
95,795
63,796
26,797
19,798
45,799
77,800
260,801
52,802
81,803
46,804
73,805
32,806
55,807
28,808
21,809
158,810
40,811
127,812
261,813
48,814
110,815
27,816
81,817
45,818
90,819
58,820
63,821
43,822
78,823
87,824
266,825
31,826
99,827
75,828
88,829
107,830
105,831
49,832
96,833
49,834
57,835
171,836
232,837
63,838
202,839
85,840
105,841
45,842
68,843
42,844
95,845
35,846
51,847
56,848
162,849
14,850
34,851
42,852
54,853
36,854
52,855
61,856
45,857
44,858
48,859
64,860
179,861
41,862
62,863
40,864
57,865
66,866
31,867
121,868
33,869
46,870
28,871
70,872
79,873
22,874
57,875
19,876
44,877
29,878
53,879
23,880
44,881
31,882
22,883
95,884
17,885
40,886
23,887
25,888
43,889
45,890
41,891
31,892
44,893
13,894
53,895
28,896
13,897
36,898
95,899
147,900
15,901
32,902
20,903
10,904
37,905
15,906
45,907
55,908
29,909
13,910
17,911
14,912
7,913
9,914
15,915
25,916
33,917
30,918
19,919
126,920
50,921
31,922
33,923
36,924
37,925
38,926
29,927
27,928
48,929
36,930
17,931
134,932
28,933
46,934
38,935
43,936
30,937
59,938
29,939
39,940
428,941
59,942
109,943
72,944
61,945
46,946
105,947
64,948
29,949
23,950
12,951
23,952
27,953
23,954
18,955
62,956
39,957
33,958
21,959
21,960
19,961
16,962
12,963
9,964
89,965
25,966
15,967
20,968
23,969
30,970
38,971
13,972
41,973
52,974
18,975
24,976
18,977
11,978
16,979
17,980
12,981
22,982
13,983
9,984
11,985
7,986
9,987
13,988
26,989
9,990
7,991
15,992
14,993
18,994
19,995
6,996
10,997
13,998
9,999
14,1000
12,1001
16,1002
12,1003
50,1004
14,1005
25,1006
35,1007
37,1008
18,1009
24,1010
8,1011
6,1012
10,1013
13,1014
22,1015
18,1016
12,1017
7,1018
6,1019
5,1020
6,1021
14,1022
6,1023
18,1024
9,1025
4,1026
13,1027
35,1028
114,1029
16,1030
35,1031
31,1032
6,1033
26,1034
30,1035
10,1036
35,1037
18,1038
26,1039
58,1040
16,1041
26,1042
21,1043
51,1044
12,1045
64,1046
17,1047
34,1048
37,1049
32,1050
35,1051
39,1052
16,1053
39,1054
46,1055
33,1056
22,1057
24,1058
26,1059
18,1060
22,1061
12,1062
26,1063
37,1064
19,1065
26,1066
47,1067
24,1068
18,1069
26,1070
24,1071
25,1072
150,1073
37,1074
106,1075
44,1076
73,1077
36,1078
95,1079
100,1080
26,1081
33,1082
17,1083
24,1084
49,1085
19,1086
40,1087
30,1088
33,1089
20,1090
25,1091
15,1092
20,1093
51,1094
26,1095
24,1096
19,1097
46,1098
23,1099
74,1100
28,1101
24,1102
59,1103
22,1104
32,1105
23,1106
17,1107
14,1108
28,1109
18,1110
38,1111
115,1112
129,1113
37,1114
43,1115
24,1116
19,1117
98,1118
59,1119
79,1120
27,1121
11,1122
49,1123
37,1124
19,1125
30,1126
49,1127
46,1128
37,1129
62,1130
24,1131
21,1132
18,1133
10,1134
30,1135
42,1136
19,1137
69,1138
20,1139
19,1140
29,1141
35,1142
31,1143
24,1144
40,1145
37,1146
7,1147
112,1148
23,1149
44,1150
36,1151
43,1152
18,1153
30,1154
44,1155
79,1156
51,1157
22,1158
25,1159
64,1160
18,1161
27,1162
9,1163
17,1164
12,1165
60,1166
51,1167
33,1168
24,1169
20,1170
30,1171
71,1172
24,1173
43,1174
78,1175
21,1176
34,1177
47,1178
104,1179
22,1180
26,1181
8,1182
47,1183
181,1184
42,1185
58,1186
45,1187
52,1188
26,1189
52,1190
93,1191
29,1192
48,1193
28,1194
41,1195
23,1196
21,1197
30,1198
46,1199
42,1200
56,1201
51,1202
17,1203
20,1204
35,1205
22,1206
185,1207
52,1208
41,1209
44,1210
41,1211
19,1212
29,1213
28,1214
37,1215
32,1216
33,1217
21,1218
37,1219
130,1220
12,1221
17,1222
21,1223
12,1224
17,1225
17,1226
51,1227
15,1228
18,1229
26,1230
16,1231
7,1232
8,1233
27,1234
5,1235
92,1236
11,1237
54,1238
41,1239
8,1240
7,1241
14,1242
12,1243
7,1244
16,1245
14,1246
12,1247
7,1248
18,1249
18,1250
23,1251
3,1252
17,1253
12,1254
8,1255
8,1256
23,1257
13,1258
5,1259
4,1260
5,1261
7,1262
19,1263
8,1264
24,1265
13,1266
12,1267
10,1268
20,1269
18,1270
8,1271
4,1272
21,1273
7,1274
17,1275
15,1276
13,1277
29,1278
7,1279
7,1280
20,1281
4,1282
17,1283
9,1284
7,1285
6,1286
6,1287
9,1288
14,1289
7,1290
3,1291
16,1292
12,1293
6,1294
7,1295
10,1296
23,1297
76,1298
12,1299
50,1300
20,1301
12,1302
7,1303
19,1304
14,1305
7,1306
3,1307
7,1308
8,1309
40,1310
13,1311
20,1312
14,1313
10,1314
9,1315
9,1316
1,1317
6,1318
10,1319
7,1320
1,1321
7,1322
29,1323
6,1324
15,1325
2,1326
6,1327
8,1328
14,1329
8,1330
7,1331
13,1332
8,1333
5,1334
17,1335
21,1336
20,1337
16,1338
11,1339
38,1340
20,1341
61,1342
6,1343
5,1344
7,1345
31,1346
11,1347
8,1348
9,1349
17,1350
19,1351
31,1352
7,1353
17,1354
11,1355
13,1356
15,1357
9,1358
10,1359
7,1360
11,1361
11,1362
45,1363
11,1364
28,1365
5,1366
16,1367
3,1368
11,1369
19,1370
23,1371
12,1372
39,1373
32,1374
28,1375
13,1376
14,1377
25,1378
12,1379
38,1380
5,1381
14,1382
12,1383
24,1384
24,1385
21,1386
28,1387
110,1388
18,1389
25,1390
32,1391
24,1392
6,1393
12,1394
16,1395
8,1396
16,1397
32,1398
31,1399
15,1400
42,1401
11,1402
18,1403
7,1404
24,1405
11,1406
28,1407
27,1408
25,1409
53,1410
58,1411
19,1412
11,1413
15,1414
15,1415
8,1416
19,1417
10,1418
35,1419
10,1420
33,1421
35,1422
24,1423
29,1424
37,1425
15,1426
9,1427
5,1428
12,1429
19,1430
20,1431
7,1432
46,1433
8,1434
120,1435
67,1436
333,1437
15,1438
38,1439
16,1440
15,1441
12,1442
22,1443
14,1444
31,1445
7,1446
69,1447
7,1448
37,1449
68,1450
24,1451
12,1452
17,1453
25,1454
87,1455
22,1456
18,1457
44,1458
41,1459
71,1460
28,1461
11,1462
23,1463
16,1464
9,1465
9,1466
23,1467
16,1468
43,1469
11,1470
23,1471
15,1472
188,1473
12,1474
51,1475
8,1476
37,1477
10,1478
14,1479
8,1480
19,1481
15,1482
117,1483
14,1484
51,1485
18,1486
16,1487
39,1488
14,1489
9,1490
14,1491
6,1492
12,1493
45,1494
66,1495
7,1496
9,1497
15,1498
14,1499
8,1500
16,1501
20,1502
32,1503
5,1504
14,1505
11,1506
81,1507
21,1508
30,1509
16,1510
50,1511
7,1512
62,1513
7,1514
16,1515
14,1516
8,1517
10,1518
35,1519
15,1520
36,1521
13,1522
11,1523
7,1524
6,1525
6,1526
12,1527
14,1528
18,1529
4,1530
31,1531
37,1532
20,1533
5,1534
22,1535
3,1536
15,1537
20,1538
13,1539
32,1540
11,1541
13,1542
14,1543
7,1544
7,1545
9,1546
21,1547
11,1548
7,1549
21,1550
15,1551
7,1552
10,1553
7,1554
32,1555
23,1556
11,1557
11,1558
20,1559
23,1560
10,1561
27,1562
15,1563
8,1564
19,1565
2,1566
23,1567
7,1568
24,1569
9,1570
9,1571
6,1572
9,1573
4,1574
8,1575
3,1576
4,1577
6,1578
59,1579
38,1580
23,1581
11,1582
7,1583
3,1584
40,1585
13,1586
5,1587
3,1588
6,1589
19,1590
25,1591
11,1592
19,1593
14,1594
19,1595
3,1596
10,1597
2,1598
8,1599
6,1600
8,1601
4,1602
22,1603
20,1604
14,1605
6,1606
8,1607
6,1608
5,1609
7,1610
8,1611
5,1612
5,1613
9,1614
4,1615
30,1616
11,1617
20,1618
8,1619
6,1620
9,1621
10,1622
3,1623
3,1624
9,1625
4,1626
3,1627
3,1628
5,1629
4,1630
11,1631
4,1632
9,1633
13,1634
4,1635
11,1636
10,1637
9,1638
11,1639
64,1640
21,1641
12,1642
4,1643
4,1644
2,1645
15,1646
2,1647
10,1648
3,1649
6,1650
14,1651
16,1652
28,1653
1,1654
5,1655
12,1656
6,1657
3,1658
9,1659
2,1660
6,1661
2,1662
7,1663
4,1664
14,1665
2,1666
5,1667
4,1668
5,1669
15,1670
13,1671
14,1672
4,1673
9,1674
5,1675
6,1676
4,1678
1,1679
6,1680
19,1681
8,1682
7,1683
6,1684
6,1685
3,1686
8,1687
2,1688
2,1689
13,1690
9,1691
8,1692
33,1693
5,1694
4,1695
8,1696
15,1698
13,1699
59,1700
27,1701
9,1702
16,1703
6,1704
13,1705
2,1706
5,1707
12,1708
10,1709
5,1710
18,1711
5,1712
1,1713
10,1714
12,1715
7,1716
13,1717
14,1718
6,1719
7,1720
22,1721
8,1722
6,1723
10,1724
4,1725
3,1726
2,1727
9,1728
9,1729
14,1730
3,1731
13,1732
22,1733
42,1734
57,1735
6,1736
20,1737
15,1738
87,1739
32,1740
20,1741
21,1742
51,1743
14,1744
22,1745
10,1746
12,1747
69,1748
12,1749
6,1750
10,1751
12,1752
18,1753
33,1754
12,1755
10,1756
25,1757
16,1758
17,1759
35,1760
15,1761
16,1762
11,1763
10,1764
28,1765
19,1766
5,1767
70,1768
8,1769
41,1770
26,1771
52,1772
16,1773
16,1774
12,1775
23,1776
4,1777
19,1778
18,1779
8,1780
5,1781
5,1782
29,1783
12,1784
24,1785
24,1786
6,1787
23,1788
11,1789
10,1790
19,1791
19,1792
19,1793
14,1794
45,1795
30,1796
8,1797
16,1798
23,1799
17,1800
12,1801
26,1802
16,1803
14,1804
11,1805
10,1806
11,1807
12,1808
12,1809
23,1810
21,1811
23,1812
24,1813
11,1814
8,1815
22,1816
9,1817
41,1818
25,1819
84,1820
10,1821
31,1822
8,1823
16,1824
8,1825
5,1826
13,1827
5,1828
8,1829
12,1830
10,1831
16,1832
16,1833
8,1834
19,1835
7,1836
6,1837
4,1838
8,1839
16,1840
4,1841
3,1842
5,1843
37,1844
24,1845
7,1846
10,1847
82,1848
9,1849
14,1850
4,1851
14,1852
6,1853
4,1854
4,1855
14,1856
13,1857
8,1858
14,1859
7,1860
12,1861
5,1862
15,1863
6,1864
11,1865
9,1866
7,1867
8,1868
3,1869
6,1870
7,1871
7,1872
5,1873
10,1874
4,1875
4,1876
4,1877
14,1878
5,1879
4,1880
4,1881
2,1882
3,1883
3,1884
9,1885
18,1886
4,1887
8,1888
6,1889
33,1890
6,1891
10,1892
15,1893
32,1894
3,1895
3,1896
2,1897
2,1898
7,1899
5,1900
4,1901
13,1902
9,1903
19,1904
12,1905
7,1906
10,1907
23,1908
6,1909
12,1910
5,1911
9,1912
14,1913
6,1914
7,1915
35,1916
14,1917
14,1918
4,1919
20,1920
11,1921
8,1922
9,1923
16,1924
19,1925
6,1926
4,1927
22,1928
16,1929
5,1930
5,1931
2,1932
7,1933
5,1934
39,1935
7,1936
19,1937
25,1938
10,1939
10,1940
10,1941
16,1942
6,1943
10,1944
5,1945
3,1946
6,1947
14,1948
12,1949
15,1950
8,1951
12,1952
11,1953
2,1954
10,1955
20,1956
5,1957
3,1958
2,1959
8,1960
7,1961
15,1962
5,1963
14,1964
9,1965
6,1966
5,1967
20,1968
2,1969
21,1970
12,1971
15,1972
4,1973
7,1974
9,1975
12,1976
12,1977
6,1978
9,1979
7,1980
5,1981
4,1982
5,1983
4,1984
9,1985
2,1986
4,1987
6,1988
1,1989
4,1990
12,1991
9,1992
8,1993
14,1994
7,1995
12,1996
8,1997
11,1998
2,1999
2,2000
7,2001
1,2002
8,2003
8,2004
36,2005
17,2006
16,2007
6,2008
42,2009
10,2010
29,2011
17,2012
26,2013
9,2014
21,2015
11,2016
9,2017
17,2018
15,2019
5,2020
3,2021
3,2022
17,2023
7,2024
14,2025
8,2026
8,2027
1,2029
6,2030
2,2031
3,2032
17,2033
3,2034
13,2035
4,2036
7,2037
7,2038
6,2039
15,2040
4,2041
4,2042
26,2043
12,2044
17,2045
3,2046
6,2047
5,2048
7,2049
8,2050
11,2051
3,2052
8,2053
3,2054
2,2055
4,2056
2,2057
5,2058
9,2059
29,2060
14,2061
6,2062
60,2063
8,2064
4,2065
12,2066
20,2067
4,2068
6,2069
4,2070
9,2071
4,2072
3,2073
1,2074
5,2075
1,2076
2,2077
6,2078
4,2079
7,2080
14,2081
4,2082
15,2083
2,2084
13,2085
2,2086
5,2087
3,2088
1,2089
4,2090
3,2091
3,2092
6,2093
1,2094
5,2095
2,2096
1,2097
4,2098
5,2099
5,2100
8,2101
5,2102
6,2103
2,2104
31,2105
3,2106
22,2107
3,2108
4,2109
4,2110
31,2111
8,2112
4,2113
9,2114
31,2115
17,2116
14,2117
13,2118
7,2119
20,2120
12,2121
10,2122
8,2123
9,2124
11,2125
1,2126
13,2127
3,2128
7,2129
4,2130
10,2131
10,2132
7,2133
6,2134
16,2135
3,2136
6,2137
12,2138
4,2139
42,2140
20,2141
4,2142
73,2143
5,2144
7,2145
3,2146
6,2147
3,2148
1,2149
3,2150
5,2151
17,2152
29,2153
2,2154
6,2155
8,2156
2,2157
3,2158
6,2159
3,2160
3,2161
5,2162
5,2163
32,2164
16,2165
7,2166
9,2167
6,2168
9,2169
1,2170
6,2171
13,2172
8,2173
6,2174
8,2175
6,2176
2,2177
4,2178
12,2179
40,2180
10,2181
7,2182
5,2183
6,2184
8,2185
5,2186
3,2187
6,2188
10,2189
4,2190
5,2191
12,2192
5,2193
4,2194
14,2195
3,2196
6,2197
1,2198
21,2199
8,2201
1,2202
13,2203
7,2204
9,2205
2,2206
3,2207
6,2208
4,2209
6,2210
4,2211
2,2212
5,2213
1,2214
1,2215
8,2216
2,2217
3,2218
10,2219
11,2220
7,2221
4,2222
17,2223
17,2224
21,2225
3,2226
7,2227
2,2228
9,2229
5,2230
9,2231
2,2232
5,2233
5,2235
2,2236
5,2237
5,2238
6,2239
2,2240
3,2241
7,2242
4,2243
10,2244
3,2245
7,2246
22,2247
4,2248
11,2249
1,2250
5,2252
3,2253
5,2254
10,2255
4,2256
2,2257
7,2258
2,2259
4,2260
10,2261
5,2262
2,2263
4,2264
6,2265
6,2266
7,2267
2,2268
1,2269
9,2270
29,2271
2,2272
7,2273
6,2274
9,2275
5,2277
1,2278
7,2279
5,2280
5,2281
4,2282
13,2283
3,2284
5,2285
2,2286
6,2287
1,2288
2,2289
1,2290
2,2291
2,2292
6,2293
6,2294
32,2295
8,2296
15,2297
5,2298
9,2299
12,2300
4,2301
1,2302
9,2303
3,2304
3,2305
3,2306
6,2307
6,2308
2,2309
1,2310
3,2311
4,2312
3,2313
5,2314
3,2315
8,2316
4,2317
1,2318
2,2319
4,2320
4,2321
2,2322
6,2323
1,2324
1,2325
4,2326
4,2328
1,2329
5,2330
5,2331
4,2332
12,2333
7,2334
6,2335
1,2336
2,2337
4,2339
6,2340
5,2341
8,2342
5,2343
2,2344
4,2345
2,2346
1,2347
2,2349
4,2350
18,2351
1,2352
3,2353
2,2354
3,2356
4,2357
5,2358
6,2359
22,2360
8,2361
9,2362
10,2363
1,2364
3,2365
5,2366
3,2368
4,2369
3,2370
9,2371
5,2372
3,2373
4,2374
12,2375
10,2376
1,2377
2,2379
2,2380
6,2381
1,2382
3,2383
4,2386
14,2387
1,2389
2,2390
14,2391
3,2392
2,2393
1,2394
2,2395
3,2396
4,2397
6,2398
3,2399
4,2400
7,2401
1,2402
5,2403
4,2404
5,2405
9,2406
3,2407
3,2408
4,2410
2,2411
2,2412
2,2413
4,2416
1,2417
3,2419
1,2420
5,2422
1,2424
5,2425
1,2426
3,2427
1,2428
2,2430
1,2431
1,2432
6,2433
8,2434
3,2435
12,2439
17,2440
7,2441
17,2442
12,2443
5,2444
5,2445
4,2446
1,2447
3,2448
3,2449
7,2450
4,2451
1,2452
8,2453
7,2454
9,2455
5,2456
13,2457
5,2458
2,2459
8,2460
2,2461
1,2463
1,2464
6,2465
2,2466
4,2467
1,2468
5,2469
2,2470
6,2471
3,2472
4,2473
6,2474
3,2475
6,2476
3,2477
11,2478
7,2479
5,2480
8,2481
7,2482
6,2483
9,2484
1,2485
2,2486
4,2487
2,2489
7,2490
1,2491
4,2492
9,2493
2,2494
8,2495
5,2496
4,2497
1,2498
4,2499
4,2500
3,2501
3,2502
5,2503
11,2504
7,2505
5,2506
4,2507
1,2508
7,2509
4,2510
3,2511
3,2512
4,2513
2,2514
3,2515
3,2516
3,2517
8,2518
5,2519
1,2520
3,2521
3,2522
3,2523
3,2524
2,2525
1,2526
2,2528
1,2529
16,2530
2,2531
8,2532
5,2533
6,2534
2,2535
4,2536
1,2537
2,2538
3,2539
10,2540
3,2541
8,2542
4,2543
3,2544
4,2545
2,2546
3,2547
4,2548
1,2549
5,2550
4,2551
3,2552
7,2553
6,2554
2,2555
4,2556
4,2557
2,2558
1,2559
2,2560
2,2561
6,2562
9,2563
6,2564
68,2565
9,2566
6,2567
6,2568
6,2569
5,2570
6,2571
8,2572
2,2574
3,2575
2,2576
6,2577
4,2578
1,2579
3,2580
1,2581
2,2582
5,2583
1,2584
4,2586
3,2587
1,2588
3,2589
3,2590
3,2591
2,2592
6,2593
2,2594
3,2595
5,2596
3,2598
2,2599
4,2600
3,2601
3,2602
4,2603
12,2604
3,2605
4,2606
30,2607
9,2608
2,2609
2,2610
5,2611
3,2612
2,2613
11,2614
14,2615
9,2616
4,2617
4,2618
8,2619
4,2620
1,2621
4,2622
6,2623
4,2624
6,2625
1,2626
6,2627
12,2628
8,2630
2,2631
3,2632
9,2634
4,2635
3,2636
5,2637
4,2638
1,2639
6,2640
7,2641
3,2642
4,2643
3,2644
14,2645
6,2646
2,2647
4,2648
5,2649
1,2650
2,2651
1,2652
3,2653
6,2654
11,2655
6,2656
6,2657
4,2658
3,2659
22,2660
9,2661
8,2662
6,2663
3,2664
4,2665
4,2666
11,2667
5,2668
3,2669
2,2670
1,2671
5,2672
5,2673
2,2674
5,2675
2,2677
8,2679
9,2680
10,2681
6,2682
9,2683
2,2684
24,2685
1,2686
7,2687
10,2688
3,2689
1,2690
6,2691
2,2692
11,2693
13,2694
4,2695
4,2696
4,2697
7,2698
4,2699
3,2700
6,2701
5,2702
6,2703
9,2704
5,2705
8,2706
3,2707
13,2708
2,2709
3,2710
12,2711
7,2712
8,2713
7,2714
4,2715
8,2716
5,2717
11,2718
371,2719
8,2720
3,2721
30,2722
13,2723
11,2724
3,2725
5,2726
12,2727
6,2728
5,2729
6,2730
7,2731
3,2732
13,2733
3,2734
1,2735
2,2736
2,2737
8,2738
4,2739
5,2740
8,2741
23,2742
28,2743
6,2744
6,2745
21,2746
10,2747
13,2748
2,2749
4,2750
11,2751
24,2752
10,2753
3,2754
11,2755
24,2756
5,2757
6,2758
5,2759
8,2760
2,2761
3,2762
5,2763
3,2764
5,2765
10,2766
25,2767
10,2768
6,2769
34,2770
4,2771
8,2772
7,2773
5,2774
21,2775
12,2776
46,2777
4,2778
13,2779
5,2780
3,2781
8,2782
5,2783
6,2784
2,2785
2,2786
11,2787
4,2788
5,2789
8,2790
18,2791
5,2792
24,2793
15,2794
7,2795
8,2796
8,2797
7,2798
5,2799
5,2800
4,2801
8,2802
9,2803
2,2804
15,2805
2,2806
8,2807
6,2808
84,2809
3,2810
18,2811
6,2812
18,2813
2,2814
27,2815
6,2816
13,2817
2,2818
4,2819
4,2820
5,2821
9,2822
14,2823
5,2824
6,2825
5,2826
3,2827
10,2828
6,2829
18,2830
5,2831
2,2832
4,2833
3,2834
7,2835
3,2836
4,2837
8,2838
14,2839
4,2840
2,2841
6,2842
8,2843
5,2844
4,2845
6,2846
4,2847
3,2848
3,2849
3,2850
19,2851
1,2852
5,2853
3,2854
5,2855
7,2856
5,2857
11,2858
7,2859
6,2860
2,2861
1,2862
4,2864
4,2865
4,2866
9,2867
4,2868
10,2869
5,2870
16,2871
9,2872
6,2873
4,2874
5,2875
3,2876
4,2877
6,2878
6,2879
4,2880
7,2881
4,2882
4,2883
3,2884
2,2885
3,2886
4,2887
1,2888
3,2889
5,2890
2,2891
2,2892
6,2893
3,2894
7,2895
3,2896
9,2897
10,2898
6,2899
64,2900
5,2901
14,2902
8,2903
5,2904
2,2905
3,2906
5,2907
6,2908
14,2909
4,2910
1,2911
3,2912
2,2913
1,2914
1,2915
9,2916
3,2917
2,2918
7,2919
2,2920
13,2921
7,2922
1,2923
7,2924
6,2925
2,2926
4,2927
11,2928
13,2929
7,2930
2,2931
4,2932
5,2933
4,2934
2,2935
4,2936
4,2937
1,2938
3,2939
9,2940
7,2941
4,2942
49,2943
8,2944
6,2945
6,2946
4,2947
3,2948
3,2949
6,2950
3,2951
1,2952
1,2954
2,2955
5,2956
1,2958
7,2959
2,2960
4,2961
4,2962
4,2963
3,2964
3,2965
1,2966
5,2967
9,2969
7,2971
6,2972
6,2973
3,2974
5,2976
6,2977
5,2978
4,2979
5,2980
4,2981
4,2982
4,2983
8,2984
11,2985
5,2986
8,2987
4,2988
2,2989
9,2990
12,2991
8,2992
2,2993
4,2994
5,2995
10,2996
5,2997
9,2998
8,2999
2,3000
7,3001
10,3002
21,3003
8,3004
2,3005
3,3006
7,3007
2,3008
1,3009
7,3010
2,3011
3,3012
6,3013
3,3014
2,3015
4,3016
10,3017
5,3018
5,3019
4,3020
4,3021
2,3022
4,3023
1,3024
1,3025
2,3026
6,3027
7,3028
3,3029
13,3030
3,3031
6,3032
3,3033
15,3034
5,3035
5,3036
6,3037
5,3038
7,3039
2,3040
5,3041
3,3042
3,3043
6,3044
3,3045
2,3046
6,3047
3,3048
4,3049
7,3050
11,3051
10,3052
9,3053
4,3054
9,3055
3,3056
7,3057
2,3058
4,3059
1,3060
3,3061
10,3062
17,3063
11,3064
9,3065
2,3066
3,3067
6,3068
7,3069
2,3070
1,3071
9,3072
14,3073
5,3074
8,3075
3,3077
5,3078
5,3079
4,3080
3,3081
5,3082
6,3083
6,3084
1,3086
2,3087
5,3088
5,3089
3,3090
2,3091
5,3092
4,3093
2,3094
3,3095
7,3096
4,3097
11,3098
6,3099
11,3100
6,3101
2,3102
2,3103
4,3104
5,3105
3,3106
5,3107
2,3108
3,3109
15,3110
3,3111
7,3112
3,3113
1,3114
26,3115
2,3116
4,3117
10,3118
2,3119
6,3120
6,3121
2,3122
2,3123
8,3124
5,3125
4,3126
1,3127
1,3128
9,3129
3,3130
7,3131
4,3132
5,3133
5,3134
1,3135
3,3136
7,3137
2,3138
4,3139
50,3140
15,3141
3,3142
2,3144
6,3145
4,3146
1,3147
3,3148
5,3149
3,3151
2,3152
1,3153
4,3154
4,3156
1,3157
3,3158
1,3159
3,3160
5,3161
4,3163
4,3164
1,3165
4,3166
2,3167
2,3168
4,3169
4,3170
3,3171
1,3172
1,3174
3,3175
6,3176
4,3177
3,3179
5,3180
2,3181
4,3182
1,3183
2,3184
4,3185
11,3186
3,3187
4,3188
9,3189
6,3190
6,3191
3,3192
7,3193
7,3194
3,3195
4,3196
2,3197
1,3198
6,3199
3,3200
3,3201
2,3202
1,3203
3,3204
2,3205
3,3206
7,3207
2,3208
4,3209
3,3210
4,3211
3,3212
2,3213
8,3214
4,3215
2,3216
6,3217
2,3218
5,3219
3,3220
11,3221
7,3222
2,3223
3,3224
4,3225
5,3226
4,3227
2,3228
3,3229
3,3230
3,3231
12,3232
2,3233
3,3234
1,3235
2,3236
5,3237
4,3238
3,3239
7,3240
1,3241
6,3242
7,3243
6,3244
4,3245
5,3246
5,3247
3,3248
6,3249
12,3250
3,3251
1,3252
5,3253
8,3254
4,3255
10,3256
7,3257
26,3258
8,3259
6,3260
6,3261
1,3262
4,3263
3,3264
8,3265
1,3266
5,3267
13,3268
3,3269
1,3270
5,3271
6,3272
3,3273
1,3274
5,3275
5,3276
3,3278
3,3279
6,3280
5,3281
4,3282
1,3283
5,3284
1,3285
2,3286
2,3287
2,3288
3,3289
7,3290
3,3291
1,3292
5,3293
11,3294
4,3295
6,3296
3,3297
2,3298
3,3299
3,3300
12,3301
2,3302
27,3303
4,3304
22,3305
28,3306
22,3307
3,3308
9,3309
3,3310
7,3311
28,3312
16,3313
9,3314
12,3315
10,3316
4,3317
4,3318
5,3319
7,3320
10,3321
7,3322
7,3323
6,3324
5,3325
4,3326
7,3327
4,3328
4,3329
8,3330
6,3331
4,3332
8,3333
5,3334
5,3335
9,3336
6,3337
10,3338
3,3339
30,3340
6,3341
6,3342
4,3343
2,3344
1,3345
3,3346
17,3347
2,3348
16,3349
1,3350
32,3351
1,3352
42,3353
2,3354
26,3355
2,3356
10,3357
10,3358
8,3359
3,3360
5,3361
2,3362
3,3363
2,3364
5,3365
1,3366
2,3367
3,3368
2,3369
5,3370
1,3371
1,3372
3,3373
7,3374
2,3375
3,3376
7,3377
11,3378
17,3379
4,3380
5,3381
3,3382
31,3383
1,3384
5,3385
16,3386
6,3387
5,3388
2,3389
1,3390
8,3391
5,3392
2,3393
3,3394
1,3395
1,3396
2,3397
6,3399
4,3400
1,3401
3,3402
1,3403
2,3404
14,3405
1,3406
3,3407
2,3408
25,3409
5,3410
10,3411
11,3412
4,3413
1,3415
1,3416
3,3417
1,3418
4,3419
2,3420
1,3421
2,3422
2,3423
19,3424
2,3426
1,3427
3,3428
2,3429
2,3431
5,3432
5,3434
4,3435
3,3436
1,3437
1,3438
7,3439
18,3440
3,3441
5,3442
1,3443
4,3446
4,3447
18,3448
5,3449
4,3450
5,3451
2,3452
5,3453
7,3454
6,3455
8,3457
6,3458
4,3459
4,3461
4,3463
4,3464
4,3465
2,3466
3,3467
4,3469
2,3470
1,3471
2,3472
2,3474
1,3475
2,3478
1,3479
2,3481
3,3482
2,3483
1,3484
1,3485
2,3486
1,3487
1,3488
1,3489
3,3491
1,3492
1,3494
3,3495
2,3496
1,3498
7,3499
2,3501
2,3502
4,3503
5,3504
4,3505
2,3506
3,3507
1,3508
1,3509
4,3510
2,3511
7,3513
1,3514
9,3516
1,3517
3,3518
3,3522
3,3525
2,3526
1,3528
1,3529
4,3530
3,3531
1,3532
1,3533
4,3534
2,3535
2,3536
1,3537
2,3538
1,3539
3,3540
1,3541
1,3542
2,3543
1,3544
12,3545
2,3546
2,3547
2,3548
4,3550
2,3551
2,3552
1,3553
3,3554
1,3555
3,3556
4,3558
5,3559
3,3560
5,3561
2,3565
2,3566
1,3567
1,3569
1,3571
2,3572
1,3573
2,3574
4,3575
2,3576
1,3577
4,3578
2,3579
3,3580
1,3581
1,3582
4,3584
6,3585
3,3586
65,3589
2,3590
11,3591
7,3593
3,3594
4,3595
2,3596
9,3597
5,3598
2,3599
3,3600
3,3601
2,3603
1,3604
2,3605
1,3607
2,3608
1,3609
2,3610
1,3612
4,3613
5,3614
1,3616
1,3617
13,3619
5,3620
5,3622
2,3623
2,3624
3,3625
1,3626
1,3628
1,3629
2,3630
1,3631
1,3633
1,3634
1,3635
1,3636
1,3637
2,3639
1,3640
1,3642
2,3644
4,3645
9,3646
2,3647
2,3648
2,3649
2,3650
2,3651
2,3652
3,3653
1,3654
3,3655
2,3656
4,3657
1,3658
16,3659
1,3661
1,3662
2,3664
3,3665
3,3666
1,3667
5,3668
6,3669
3,3670
2,3671
2,3673
3,3674
7,3675
2,3676
2,3677
2,3678
11,3679
2,3680
5,3681
1,3682
4,3683
1,3684
4,3685
2,3686
2,3687
3,3688
1,3689
3,3690
2,3691
2,3692
5,3693
6,3694
1,3695
1,3696
2,3697
2,3699
1,3700
1,3702
3,3703
3,3705
2,3706
1,3707
3,3708
3,3709
2,3711
4,3712
2,3713
1,3714
3,3715
4,3716
2,3717
2,3718
1,3719
2,3720
1,3721
3,3722
2,3723
1,3724
4,3725
7,3726
3,3727
2,3728
1,3731
3,3732
2,3733
8,3734
1,3737
2,3738
6,3739
1,3740
1,3741
1,3743
2,3744
1,3745
3,3746
3,3747
2,3748
3,3749
13,3750
1,3753
4,3754
5,3755
4,3756
5,3761
1,3762
1,3763
1,3767
1,3768
1,3769
1,3770
1,3771
1,3773
1,3776
4,3777
4,3778
2,3779
1,3780
3,3781
3,3782
1,3783
1,3784
2,3785
2,3786
3,3787
1,3788
1,3789
13,3792
2,3793
1,3794
2,3796
2,3797
16,3798
47,3799
8,3800
2,3802
3,3803
1,3805
3,3807
2,3809
3,3810
3,3811
3,3813
3,3814
1,3815
4,3816
1,3817
1,3818
4,3820
3,3821
2,3822
3,3823
2,3824
3,3825
5,3827
1,3828
1,3829
7,3831
2,3834
5,3835
2,3836
3,3837
1,3840
1,3843
2,3845
1,3846
1,3850
4,3851
1,3852
1,3854
1,3855
2,3856
2,3857
1,3859
3,3860
1,3862
2,3863
2,3864
1,3865
5,3866
1,3867
1,3868
3,3869
2,3870
4,3872
1,3873
2,3876
2,3877
1,3879
3,3880
3,3881
34,3882
4,3883
1,3884
54,3885
2,3886
1,3887
2,3888
1,3889
1,3890
1,3891
1,3892
1,3893
1,3894
1,3895
8,3896
4,3899
3,3901
1,3902
1,3903
1,3904
1,3906
1,3907
3,3908
4,3909
1,3910
2,3912
2,3913
8,3914
2,3915
4,3916
1,3917
2,3918
7,3919
5,3920
2,3921
2,3923
1,3926
1,3928
1,3929
2,3930
3,3931
1,3932
2,3933
1,3934
1,3935
1,3936
2,3937
2,3939
4,3941
3,3942
2,3943
4,3944
2,3945
1,3946
4,3947
1,3948
4,3949
2,3950
3,3952
2,3953
2,3954
2,3955
1,3957
2,3958
1,3959
1,3960
5,3961
2,3962
1,3963
1,3964
2,3965
3,3966
4,3967
4,3970
2,3971
1,3972
4,3973
1,3974
4,3975
2,3976
2,3978
2,3979
6,3980
2,3981
1,3984
1,3987
54,3990
6,3991
2,3992
2,3993
3,3994
1,3995
1,3999
3,4000
1,4001
1,4003
19,4004
3,4005
3,4006
1,4007
1,4008
1,4009
1,4011
1,4014
3,4015
4,4016
1,4017
1,4018
1,4019
1,4020
5,4021
4,4022
1,4023
2,4024
1,4025
2,4026
2,4027
3,4028
1,4029
3,4030
1,4031
4,4032
2,4033
1,4034
9,4035
3,4036
2,4037
3,4038
3,4039
1,4041
3,4042
2,4043
3,4044
5,4045
1,4046
1,4047
3,4048
14,4049
1,4050
2,4051
17,4052
3,4053
2,4054
1,4055
1,4056
1,4057
4,4058
4,4059
1,4060
4,4061
4,4062
3,4063
2,4064
5,4065
2,4066
1,4067
6,4068
5,4069
4,4070
1,4071
3,4072
4,4073
5,4074
4,4075
2,4076
5,4077
1,4078
3,4079
3,4080
2,4082
2,4083
1,4086
1,4087
1,4088
7,4089
2,4090
6,4091
4,4092
4,4093
1,4096
1,4097
2,4098
1,4100
3,4101
1,4102
5,4103
1,4104
1,4105
5,4107
1,4108
3,4109
4,4111
2,4113
1,4115
2,4116
1,4117
1,4118
4,4119
5,4121
1,4124
1,4125
1,4126
2,4127
3,4129
2,4131
2,4132
1,4133
1,4135
1,4136
2,4137
4,4139
1,4140
1,4141
33,4142
7,4143
1,4144
4,4145
3,4147
1,4148
2,4149
4,4150
2,4151
8,4154
4,4156
3,4158
1,4159
3,4162
1,4163
5,4165
6,4166
1,4167
1,4170
5,4171
4,4172
1,4173
8,4174
1,4175
5,4176
1,4177
1,4178
1,4179
3,4181
1,4183
1,4184
1,4187
3,4188
2,4189
4,4190
2,4191
1,4192
2,4194
2,4195
2,4196
3,4197
2,4199
1,4201
4,4202
1,4205
3,4206
9,4208
1,4209
1,4212
3,4213
2,4214
2,4215
2,4216
2,4217
2,4218
2,4219
2,4220
6,4221
2,4223
2,4224
1,4226
1,4228
2,4229
1,4230
1,4231
1,4232
1,4233
2,4234
1,4235
1,4236
4,4237
4,4238
30,4239
14,4240
11,4241
2,4242
1,4246
1,4249
3,4250
3,4251
1,4253
4,4254
1,4256
3,4257
1,4258
1,4259
1,4260
1,4261
2,4263
1,4264
1,4265
1,4267
2,4268
4,4269
4,4270
5,4271
3,4272
3,4273
2,4274
4,4275
2,4276
2,4277
3,4278
3,4279
5,4280
1,4281
1,4284
2,4285
2,4286
1,4287
1,4288
1,4290
1,4292
2,4293
2,4294
2,4295
2,4297
5,4299
2,4300
1,4301
2,4302
1,4303
33,4304
6,4306
1,4307
3,4308
1,4309
3,4311
1,4312
2,4313
1,4314
3,4315
1,4316
2,4317
2,4319
3,4320
1,4321
1,4322
2,4323
1,4324
1,4325
4,4326
1,4328
3,4330
3,4331
2,4332
5,4333
3,4334
1,4335
5,4336
1,4338
1,4339
3,4340
1,4342
2,4343
1,4344
4,4345
6,4346
1,4349
3,4350
2,4351
37,4352
3,4353
2,4354
2,4355
1,4356
1,4357
2,4358
3,4359
2,4361
1,4363
1,4364
1,4366
7,4369
4,4372
2,4374
1,4375
2,4378
4,4379
3,4380
18,4381
5,4382
1,4383
2,4387
1,4388
2,4390
1,4391
7,4393
3,4394
2,4396
2,4400
11,4401
1,4405
2,4406
2,4407
3,4409
4,4413
1,4416
8,4417
1,4421
1,4422
2,4426
4,4427
1,4430
1,4433
1,4435
1,4437
1,4438
1,4440
1,4441
1,4445
8,4448
1,4449
1,4453
2,4454
5,4455
2,4457
164,4459
1,4460
1,4461
6,4463
4,4464
1,4465
1,4466
4,4467
3,4468
4,4469
8,4470
1,4471
2,4472
1,4474
5,4475
3,4476
4,4477
7,4478
1,4479
2,4480
2,4482
1,4483
1,4487
2,4488
8,4489
5,4490
3,4493
5,4496
1,4497
1,4502
2,4503
1,4504
2,4507
1,4508
1,4510
2,4511
1,4512
8,4513
2,4515
2,4518
1,4523
1,4524
1,4526
1,4527
1,4531
1,4534
2,4535
2,4536
2,4538
1,4539
1,4540
1,4541
1,4542
1,4544
1,4547
1,4548
1,4550
1,4551
1,4552
2,4553
2,4554
1,4557
1,4559
1,4564
1,4565
4,4567
1,4568
1,4570
1,4571
1,4573
2,4575
1,4576
4,4580
1,4584
1,4585
1,4589
2,4591
1,4593
1,4595
1,4599
2,4600
1,4603
1,4612
1,4617
1,4619
1,4620
1,4623
3,4624
1,4625
3,4626
1,4627
1,4630
2,4631
2,4632
3,4633
1,4634
1,4635
1,4636
1,4637
4,4638
1,4641
4,4642
1,4643
1,4646
4,4647
1,4649
1,4650
2,4651
2,4652
1,4655
1,4656
2,4657
1,4658
1,4660
1,4661
1,4663
1,4664
1,4669
1,4671
1,4672
2,4684
2,4686
3,4688
1,4689
1,4691
3,4692
2,4693
1,4694
1,4699
1,4701
6,4702
1,4705
1,4706
1,4707
1,4708
1,4709
1,4710
1,4712
1,4717
2,4718
3,4719
1,4721
3,4722
2,4723
29,4725
1,4726
1,4727
1,4729
1,4731
1,4736
1,4738
1,4740
2,4743
1,4746
1,4747
1,4749
1,4751
2,4753
1,4756
2,4759
1,4761
2,4762
1,4764
2,4765
1,4768
2,4769
1,4770
2,4774
2,4775
1,4778
1,4783
5,4784
1,4785
5,4786
1,4788
1,4793
1,4804
3,4805
1,4806
1,4807
1,4808
1,4809
2,4810
2,4811
2,4813
1,4815
1,4820
1,4821
1,4825
1,4827
2,4828
1,4831
3,4833
1,4835
1,4836
1,4838
2,4839
2,4840
3,4843
3,4845
1,4847
1,4850
4,4851
1,4853
1,4859
1,4861
2,4863
1,4865
1,4867
1,4873
1,4874
1,4882
1,4885
2,4891
2,4897
1,4901
1,4902
1,4905
1,4906
2,4909
1,4911
1,4912
1,4914
1,4916
1,4917
1,4920
1,4921
1,4922
2,4927
1,4930
1,4935
2,4936
1,4942
1,4943
1,4944
2,4945
2,4946
2,4947
1,4949
1,4958
3,4959
1,4962
1,4964
1,4965
1,4966
2,4967
2,4969
2,4970
1,4971
1,4972
2,4973
2,4974
2,4975
1,4977
1,4978
1,4980
1,4983
2,4984
2,4985
1,4987
1,4990
1,4995
1,4996
22,4997
1,4998
1,5000
2,5002
2,5004
1,5006
1,5007
1,5008
1,5009
1,5010
1,5011
4,5013
2,5015
1,5019
1,5020
1,5021
1,5024
1,5029
1,5030
1,5031
1,5033
1,5035
14,5036
1,5038
3,5040
1,5041
2,5042
1,5044
1,5045
2,5046
1,5047
1,5050
1,5051
2,5052
1,5056
2,5057
2,5058
1,5059
1,5060
1,5065
1,5066
1,5069
1,5072
2,5073
1,5079
1,5082
1,5084
1,5086
2,5087
3,5088
1,5090
1,5091
1,5094
2,5095
1,5097
1,5098
2,5099
3,5100
2,5102
1,5109
1,5111
1,5113
1,5114
1,5115
1,5116
1,5122
1,5123
1,5131
1,5138
1,5143
3,5144
1,5146
1,5149
2,5150
1,5152
1,5155
1,5156
1,5159
1,5162
2,5163
1,5168
1,5170
1,5171
2,5173
2,5174
1,5178
1,5185
2,5188
2,5190
3,5191
1,5192
2,5196
2,5197
1,5198
1,5200
1,5201
2,5203
1,5205
1,5206
1,5209
1,5210
1,5211
3,5212
1,5213
1,5214
1,5218
1,5220
6,5221
1,5223
1,5225
1,5226
2,5227
1,5229
1,5230
6,5232
1,5234
1,5235
2,5236
1,5237
1,5238
1,5239
1,5245
1,5246
1,5247
1,5248
1,5250
1,5251
1,5252
3,5254
2,5255
5,5256
1,5259
1,5260
1,5261
1,5262
50,5264
2,5265
1,5266
1,5267
5,5268
1,5269
1,5271
1,5272
1,5275
1,5277
1,5280
1,5281
3,5284
1,5285
3,5289
2,5291
1,5293
2,5295
1,5298
2,5299
1,5300
1,5304
2,5307
1,5308
2,5310
1,5314
3,5315
1,5316
1,5318
1,5320
1,5321
1,5322
1,5323
1,5326
1,5327
1,5337
1,5338
2,5340
1,5342
1,5345
1,5346
1,5347
1,5348
1,5350
1,5351
1,5352
1,5360
1,5362
1,5364
2,5365
2,5366
2,5367
2,5368
1,5369
1,5370
7,5371
2,5373
3,5374
2,5375
1,5378
2,5379
1,5380
1,5384
1,5386
1,5387
4,5388
2,5389
2,5390
1,5392
1,5393
1,5394
1,5397
1,5400
1,5403
1,5407
1,5409
1,5410
1,5412
1,5413
1,5414
2,5415
2,5417
2,5418
1,5420
6,5421
1,5422
4,5423
1,5424
1,5425
1,5426
1,5427
3,5430
2,5433
16,5436
1,5437
1,5438
1,5440
1,5442
2,5445
1,5446
9,5448
2,5450
2,5451
1,5454
1,5457
1,5461
1,5463
1,5464
2,5465
3,5466
2,5467
1,5468
1,5469
1,5470
3,5471
2,5472
3,5473
1,5476
1,5477
1,5478
1,5480
2,5481
1,5482
3,5484
7,5486
2,5487
4,5488
2,5489
15,5490
1,5491
3,5492
2,5493
2,5494
2,5495
1,5496
2,5497
1,5498
1,5499
1,5500
2,5501
3,5503
1,5504
1,5505
1,5506
3,5510
2,5511
3,5513
1,5515
2,5516
1,5519
2,5523
2,5525
1,5526
1,5532
1,5534
1,5538
2,5539
2,5540
1,5541
1,5542
1,5543
3,5544
4,5546
1,5547
1,5550
1,5551
1,5553
2,5555
28,5556
5,5557
2,5558
2,5561
1,5562
1,5564
1,5566
2,5567
1,5570
1,5573
2,5574
1,5575
1,5577
2,5581
1,5583
2,5584
1,5585
1,5587
1,5589
2,5590
1,5592
1,5594
2,5595
3,5598
1,5600
2,5603
1,5604
2,5605
3,5607
1,5608
3,5612
1,5615
1,5627
1,5628
1,5630
1,5631
1,5636
1,5637
2,5642
2,5644
1,5645
2,5648
2,5649
3,5651
1,5656
1,5657
1,5658
2,5660
3,5662
1,5663
2,5664
1,5665
3,5666
1,5668
1,5670
1,5672
1,5673
1,5676
1,5677
1,5680
1,5681
1,5682
3,5683
2,5686
3,5687
1,5689
1,5692
1,5693
1,5695
1,5697
1,5700
2,5701
1,5702
1,5703
4,5704
3,5706
1,5708
1,5709
2,5712
1,5713
1,5716
1,5717
1,5724
1,5725
1,5727
1,5728
1,5731
1,5732
2,5738
3,5740
1,5741
1,5742
1,5745
1,5750
2,5751
1,5752
1,5753
1,5754
2,5757
2,5758
2,5759
1,5760
1,5761
1,5762
1,5765
2,5766
1,5767
2,5768
1,5770
1,5771
1,5773
1,5776
2,5777
1,5782
2,5783
1,5787
1,5788
2,5789
1,5790
1,5792
1,5794
2,5795
1,5796
2,5798
1,5800
2,5802
4,5803
1,5804
3,5806
1,5807
1,5810
1,5811
2,5814
1,5815
3,5816
1,5818
2,5819
1,5823
1,5825
1,5826
2,5829
1,5830
1,5834
4,5836
3,5837
2,5838
1,5840
1,5842
1,5844
2,5849
2,5850
4,5851
1,5852
2,5854
2,5856
1,5857
1,5858
5,5860
1,5861
1,5862
2,5864
1,5865
4,5869
2,5870
1,5871
3,5873
2,5874
2,5875
3,5878
2,5879
2,5880
2,5882
1,5884
2,5885
4,5886
1,5887
1,5888
1,5889
2,5890
1,5891
2,5893
4,5895
1,5896
4,5897
3,5898
1,5899
1,5900
2,5901
1,5902
4,5903
1,5904
2,5908
2,5909
1,5910
1,5911
1,5913
1,5914
1,5915
3,5916
1,5917
3,5918
3,5919
2,5920
51,5921
2,5923
1,5924
1,5926
2,5927
1,5928
2,5929
4,5930
1,5933
2,5934
1,5937
3,5940
1,5942
1,5943
4,5947
1,5949
2,5951
1,5952
4,5953
2,5955
1,5956
1,5957
2,5958
1,5959
1,5960
2,5961
4,5962
1,5963
3,5964
1,5965
3,5966
2,5967
1,5968
27,5969
1,5970
3,5971
1,5972
1,5973
4,5974
5,5975
3,5976
1,5977
1,5979
2,5980
1,5981
1,5983
1,5984
3,5985
1,5988
2,5989
4,5990
1,5991
2,5992
2,5993
2,5994
2,5996
2,5998
2,6001
2,6002
1,6003
1,6004
2,6005
1,6007
2,6008
1,6010
1,6011
2,6013
2,6015
3,6016
1,6018
2,6019
1,6020
1,6021
2,6023
1,6024
1,6025
3,6026
1,6028
1,6029
3,6030
1,6031
1,6033
5,6034
1,6035
5,6036
6,6037
3,6038
4,6039
2,6040
3,6041
3,6042
3,6045
1,6046
1,6047
2,6048
2,6049
1,6053
2,6054
1,6056
2,6057
1,6058
4,6059
1,6062
3,6063
3,6064
4,6065
2,6066
2,6067
6,6068
1,6070
1,6072
1,6075
2,6077
1,6079
2,6081
3,6082
1,6083
1,6084
5,6085
1,6089
4,6092
1,6093
1,6094
2,6095
1,6100
2,6101
2,6104
3,6105
1,6107
1,6113
1,6114
3,6115
1,6116
2,6118
2,6121
3,6122
3,6123
2,6124
2,6125
1,6126
1,6127
1,6128
1,6130
1,6132
2,6134
1,6139
1,6140
2,6149
1,6153
3,6155
1,6158
1,6159
2,6165
1,6166
1,6170
1,6171
1,6172
4,6173
1,6174
1,6175
2,6176
1,6177
1,6179
1,6188
1,6192
1,6195
1,6196
2,6197
1,6198
3,6199
1,6200
1,6201
1,6202
1,6203
1,6204
1,6205
2,6206
1,6210
1,6213
1,6214
1,6217
1,6220
1,6230
1,6232
1,6233
1,6234
1,6239
1,6242
2,6249
1,6251
1,6254
1,6255
2,6259
1,6270
2,6277
1,6282
1,6285
1,6288
1,6295
1,6296
1,6300
2,6302
1,6306
1,6308
1,6310
2,6313
2,6316
1,6317
1,6321
1,6322
1,6335
1,6337
1,6339
1,6340
2,6343
1,6347
1,6352
4,6355
1,6357
2,6363
2,6364
2,6366
2,6368
1,6369
1,6370
1,6371
1,6375
2,6376
2,6377
5,6378
1,6379
2,6381
2,6383
1,6386
1,6387
1,6392
1,6393
1,6394
1,6397
2,6400
7,6401
1,6402
1,6403
1,6404
1,6405
1,6409
1,6410
1,6412
3,6414
1,6416
2,6417
1,6422
1,6426
3,6430
1,6431
1,6432
26,6437
3,6438
1,6440
1,6447
3,6448
6,6449
4,6450
2,6451
6,6454
1,6455
1,6460
1,6469
1,6473
1,6476
1,6484
1,6487
1,6488
2,6491
1,6494
1,6495
1,6497
1,6499
2,6500
1,6504
1,6514
1,6515
2,6517
1,6518
1,6519
1,6521
1,6522
1,6530
1,6532
2,6536
1,6540
1,6542
2,6543
1,6547
1,6548
3,6549
2,6550
2,6551
1,6553
1,6560
1,6561
1,6568
3,6573
1,6574
2,6577
1,6579
1,6580
1,6584
1,6585
2,6596
1,6605
1,6608
2,6610
1,6611
1,6615
1,6616
2,6618
1,6620
1,6621
1,6622
1,6630
1,6633
1,6635
2,6639
1,6640
2,6644
1,6645
3,6650
1,6651
1,6652
1,6653
1,6654
1,6655
1,6656
1,6657
3,6661
1,6673
2,6674
2,6675
1,6678
2,6684
1,6687
8,6694
1,6701
1,6702
2,6703
1,6704
1,6711
1,6712
1,6715
1,6718
1,6719
1,6720
1,6722
1,6723
1,6724
1,6725
1,6738
1,6742
2,6747
1,6753
1,6759
6,6766
2,6767
1,6775
1,6778
1,6779
2,6780
1,6784
1,6785
1,6799
2,6802
1,6809
2,6812
1,6813
1,6815
1,6818
1,6819
1,6822
1,6824
4,6825
1,6826
2,6827
1,6829
2,6832
1,6833
1,6839
1,6844
2,6848
1,6851
1,6853
3,6854
1,6855
3,6857
1,6858
1,6859
3,6862
1,6866
1,6867
1,6868
1,6870
1,6872
1,6875
1,6876
2,6877
2,6878
1,6879
1,6880
2,6881
2,6882
18,6886
4,6887
1,6889
1,6890
25,6894
2,6898
1,6899
2,6902
1,6904
1,6907
2,6908
1,6912
1,6913
2,6914
1,6919
1,6920
1,6921
1,6930
1,6934
1,6939
1,6940
1,6941
3,6942
1,6943
1,6944
1,6945
1,6949
2,6954
3,6958
1,6959
1,6961
1,6962
1,6967
1,6977
3,6978
2,6979
4,6981
1,6985
2,6988
2,6990
1,6999
1,7002
1,7004
1,7006
1,7017
1,7022
1,7023
3,7025
2,7026
4,7027
2,7028
5,7029
3,7030
1,7031
1,7032
1,7033
1,7039
1,7040
1,7046
1,7054
2,7057
2,7058
1,7059
1,7060
1,7061
1,7063
2,7072
1,7073
1,7074
6,7077
1,7078
1,7079
1,7081
1,7087
1,7096
1,7097
1,7098
1,7100
1,7104
1,7109
17,7110
1,7115
1,7117
1,7126
1,7132
1,7136
1,7141
1,7144
1,7145
3,7156
1,7157
1,7158
1,7159
3,7163
5,7164
2,7170
1,7171
1,7173
1,7174
1,7176
1,7177
1,7179
1,7181
3,7182
1,7183
1,7184
9,7185
3,7186
3,7187
1,7189
1,7191
2,7192
1,7197
1,7198
2,7199
1,7200
1,7202
1,7203
1,7204
3,7205
1,7206
1,7207
1,7208
1,7210
2,7212
2,7218
7,7220
1,7221
4,7227
1,7229
4,7233
1,7234
2,7235
1,7236
1,7237
2,7240
1,7245
1,7246
1,7249
1,7251
1,7254
2,7257
5,7259
1,7266
1,7267
1,7269
2,7273
1,7287
1,7288
1,7291
1,7296
1,7299
2,7306
1,7311
1,7313
1,7316
2,7318
4,7320
1,7324
1,7332
1,7334
1,7335
1,7340
1,7350
1,7362
1,7364
1,7367
1,7370
1,7373
1,7379
2,7385
2,7388
2,7395
1,7398
1,7399
3,7400
2,7402
1,7405
1,7407
2,7410
1,7416
1,7420
1,7424
1,7428
1,7430
1,7432
1,7436
2,7441
1,7450
1,7453
1,7456
1,7459
2,7462
2,7463
1,7464
1,7465
1,7476
1,7481
2,7482
1,7484
1,7485
1,7489
1,7495
1,7501
1,7505
1,7507
1,7511
1,7513
1,7514
1,7516
1,7521
1,7528
1,7532
1,7536
1,7543
1,7544
1,7548
1,7549
2,7553
1,7556
1,7558
1,7563
1,7565
1,7567
2,7569
1,7570
2,7571
1,7578
3,7581
3,7582
1,7586
2,7587
1,7589
1,7598
1,7601
1,7602
1,7605
1,7607
1,7615
2,7617
2,7627
1,7632
1,7638
2,7642
2,7644
1,7647
1,7651
2,7652
2,7654
1,7656
1,7660
1,7663
1,7666
1,7667
2,7668
2,7669
1,7670
1,7673
1,7675
1,7680
1,7682
2,7684
1,7685
1,7686
1,7687
2,7689
1,7692
2,7693
2,7694
1,7695
1,7701
1,7702
1,7705
1,7706
1,7707
1,7708
1,7710
1,7712
1,7715
2,7717
1,7718
1,7719
3,7733
3,7737
1,7740
1,7741
1,7745
2,7750
2,7753
3,7759
1,7760
1,7768
1,7771
1,7772
1,7776
1,7782
1,7783
2,7784
1,7786
2,7798
2,7802
1,7808
2,7811
1,7819
1,7826
1,7829
1,7832
1,7835
1,7839
1,7847
1,7849
2,7852
3,7858
1,7863
2,7870
1,7872
2,7874
2,7878
1,7880
1,7884
1,7891
1,7893
1,7899
1,7902
1,7905
1,7906
1,7907
1,7913
2,7918
1,7925
1,7927
2,7928
1,7931
1,7937
2,7943
1,7944
1,7952
1,7955
2,7956
1,7961
2,7962
1,7963
1,7965
1,7967
2,7968
1,7983
1,7984
1,7987
1,7996
1,8006
1,8007
3,8014
1,8016
1,8017
1,8022
1,8023
2,8027
2,8032
2,8034
2,8041
2,8042
2,8049
1,8053
1,8056
2,8058
2,8063
3,8069
1,8070
1,8072
1,8073
1,8080
1,8082
2,8086
1,8087
1,8088
1,8092
1,8093
1,8104
1,8105
1,8108
1,8109
1,8114
1,8116
1,8119
1,8121
2,8125
1,8129
1,8130
1,8131
1,8135
2,8139
2,8142
12,8144
1,8145
1,8146
1,8147
1,8152
2,8154
6,8156
2,8157
1,8158
2,8160
1,8161
1,8162
1,8164
2,8165
1,8172
1,8173
3,8181
3,8185
10,8186
3,8191
1,8192
3,8193
1,8194
53,8196
1,8198
1,8199
1,8202
1,8204
1,8205
1,8207
1,8211
1,8213
2,8214
2,8221
1,8223
1,8225
4,8227
1,8230
1,8231
1,8235
1,8236
4,8237
1,8238
2,8241
1,8242
1,8243
33,8244
3,8246
1,8250
2,8251
1,8256
1,8259
1,8260
3,8261
2,8263
1,8267
1,8269
1,8271
2,8273
1,8276
2,8278
1,8279
1,8282
1,8283
1,8286
2,8287
2,8289
2,8290
1,8291
2,8294
2,8295
1,8296
1,8297
1,8299
1,8301
1,8302
1,8304
1,8305
1,8306
1,8309
1,8312
1,8313
1,8314
1,8315
1,8317
1,8320
1,8322
1,8324
1,8325
1,8326
1,8327
5,8328
9,8329
1,8334
1,8336
2,8338
2,8340
1,8341
1,8342
1,8343
1,8345
1,8346
7,8351
1,8352
2,8354
1,8357
1,8359
1,8363
1,8365
1,8367
1,8369
1,8372
3,8375
1,8382
1,8386
1,8387
1,8388
1,8390
1,8394
1,8395
1,8398
2,8399
2,8400
1,8401
1,8405
1,8407
25,8408
4,8409
3,8410
2,8412
19,8414
3,8416
1,8418
2,8420
1,8421
2,8422
4,8424
8,8426
2,8428
1,8429
1,8430
2,8432
5,8434
28,8436
3,8437
2,8438
2,8439
1,8440
1,8442
2,8446
2,8447
1,8454
1,8458
1,8459
1,8460
1,8461
2,8462
2,8463
3,8464
2,8468
1,8470
2,8471
1,8473
1,8476
1,8483
1,8484
1,8494
1,8496
1,8497
1,8503
2,8510
1,8514
1,8518
1,8519
1,8520
1,8521
1,8524
1,8525
1,8532
1,8534
1,8537
1,8538
1,8541
1,8542
1,8546
1,8551
1,8553
1,8554
1,8556
1,8561
1,8563
1,8564
2,8574
1,8575
1,8576
1,8578
1,8580
1,8582
1,8585
2,8589
2,8590
2,8595
1,8596
1,8600
1,8619
1,8621
1,8625
1,8627
1,8630
1,8652
1,8654
1,8655
1,8660
1,8686
1,8694
1,8696
1,8698
1,8701
1,8706
1,8722
1,8723
1,8742
1,8749
1,8750
1,8758
1,8765
1,8778
1,8779
1,8787
1,8793
1,8795
2,8799
1,8800
1,8802
1,8810
1,8818
1,8819
1,8826
1,8839
1,8842
5,8844
1,8851
2,8856
1,8876
1,8877
1,8881
1,8886
2,8893
1,8896
1,8901
1,8905
1,8931
2,8940
1,8944
1,8949
2,8963
1,8964
1,8965
1,8976
2,8985
1,8994
1,8999
1,9001
1,9004
1,9007
2,9009
1,9016
1,9021
1,9027
2,9038
1,9039
1,9040
1,9055
2,9060
1,9061
1,9067
3,9072
1,9075
2,9078
1,9082
1,9085
1,9086
1,9087
1,9092
1,9099
2,9102
2,9104
1,9117
1,9132
1,9143
1,9144
1,9145
2,9146
1,9150
1,9153
1,9156
1,9157
1,9159
3,9160
1,9165
4,9167
1,9169
1,9192
1,9196
1,9201
1,9202
1,9203
1,9209
2,9211
5,9213
7,9215
1,9231
1,9232
1,9233
1,9235
1,9238
1,9241
1,9245
1,9261
1,9268
1,9269
1,9271
1,9275
1,9284
1,9290
2,9291
1,9300
1,9302
1,9308
1,9309
1,9311
1,9315
1,9320
1,9321
1,9322
1,9326
1,9331
1,9336
1,9338
1,9342
1,9349
1,9358
1,9376
1,9384
1,9392
1,9393
2,9396
2,9409
1,9410
1,9412
2,9416
4,9417
2,9418
7,9419
1,9422
1,9423
1,9425
1,9427
1,9438
2,9448
2,9449
2,9458
1,9479
1,9482
1,9488
1,9491
1,9509
1,9517
1,9519
1,9520
1,9521
1,9524
1,9531
1,9532
2,9534
2,9536
2,9540
2,9544
1,9546
1,9548
1,9552
1,9555
2,9565
1,9568
1,9570
2,9571
1,9576
1,9580
1,9594
1,9595
1,9597
1,9602
1,9605
1,9623
1,9625
1,9654
2,9662
2,9663
1,9664
2,9672
1,9692
1,9713
1,9717
3,9720
1,9724
1,9727
1,9731
1,9734
1,9736
1,9742
1,9743
1,9750
1,9771
1,9774
1,9777
1,9798
2,9800
1,9810
1,9821
1,9824
1,9827
1,9832
2,9851
1,9854
1,9872
1,9905
1,9908
1,9917
1,9921
1,9926
1,9928
1,9943
1,9951
2,9956
1,9958
1,9959
2,9963
2,9968
1,9973
1,9974
1,9977
3,9981
1,9985
1,9992
1,9998
1,10001
1,10002
1,10005
1,10011
1,10012
1,10018
1,10022
1,10029
1,10035
1,10047
1,10050
1,10066
1,10068
1,10077
1,10081
2,10093
1,10109
1,10113
1,10121
1,10129
1,10131
1,10139
1,10156
1,10157
1,10166
1,10169
1,10173
2,10177
1,10180
1,10185
1,10189
1,10200
1,10205
2,10214
2,10217
2,10221
2,10235
1,10254
1,10257
1,10259
1,10263
1,10266
1,10268
1,10274
1,10313
1,10318
1,10324
1,10325
1,10328
1,10330
2,10350
1,10358
1,10365
1,10368
1,10386
1,10391
1,10396
1,10397
1,10400
2,10414
1,10415
1,10429
1,10453
3,10457
1,10458
1,10466
1,10467
2,10475
1,10481
3,10485
1,10497
1,10499
2,10514
1,10533
1,10551
1,10554
1,10574
2,10584
1,10591
1,10606
1,10612
1,10618
1,10630
1,10631
1,10642
1,10645
7,10697
2,10699
3,10701
1,10704
1,10705
1,10716
2,10721
2,10723
9,10725
1,10732
1,10733
1,10737
1,10740
2,10741
2,10742
1,10744
7,10745
1,10746
2,10747
1,10750
1,10751
1,10757
1,10760
2,10771
4,10773
2,10774
1,10779
1,10786
2,10787
1,10788
1,10789
1,10801
2,10803
1,10804
1,10805
2,10817
1,10826
2,10827
1,10828
1,10841
3,10845
1,10863
1,10874
1,10876
1,10881
1,10888
1,10893
1,10896
1,10905
1,10910
1,10911
1,10913
1,10925
1,10927
1,10929
1,10930
1,10931
2,10935
1,10937
1,10970
1,10974
6,10985
1,10995
1,10996
1,10999
1,11009
6,11013
1,11019
1,11035
1,11062
1,11065
1,11074
1,11076
2,11088
1,11090
1,11094
1,11096
1,11109
1,11132
1,11142
1,11149
2,11158
1,11159
1,11162
1,11175
1,11176
1,11201
1,11207
1,11220
2,11221
2,11223
1,11225
1,11226
1,11234
1,11237
3,11238
1,11244
1,11267
1,11278
1,11281
1,11286
1,11292
1,11294
1,11299
1,11312
1,11320
1,11328
1,11329
1,11345
1,11346
1,11348
2,11351
1,11354
1,11355
1,11373
1,11374
2,11379
1,11390
1,11393
1,11394
1,11397
1,11403
1,11406
2,11409
2,11415
1,11422
1,11428
1,11432
1,11443
1,11452
2,11453
1,11456
2,11460
1,11463
1,11466
1,11470
1,11475
1,11476
1,11478
2,11480
1,11482
1,11483
1,11499
1,11507
2,11517
1,11522
1,11528
1,11543
1,11548
1,11551
1,11559
1,11574
1,11575
1,11576
1,11588
1,11595
1,11615
1,11622
1,11630
1,11637
1,11640
1,11653
2,11658
1,11665
3,11703
1,11706
2,11708
1,11719
1,11732
1,11767
1,11777
2,11801
1,11802
1,11815
1,11830
1,11838
1,11844
1,11850
1,11863
1,11864
1,11877
1,11916
1,11928
1,11929
1,11935
1,11947
1,11975
3,12000
1,12077
1,12110
2,12116
1,12118
1,12122
1,12137
1,12152
1,12187
1,12238
1,12248
1,12291
1,12306
1,12332
1,12347
1,12367
1,12381
1,12432
1,12462
1,12495
1,12499
1,12559
1,12560
1,12602
1,12608
1,12630
1,12641
1,12709
1,12722
1,12738
1,12739
1,12778
1,12791
1,12797
2,12813
1,12843
1,12846
2,12890
1,12901
4,12912
1,12915
1,12930
1,12934
1,12989
1,12990
1,12991
1,13008
1,13014
1,13020
9,13025
3,13027
1,13030
1,13033
1,13035
1,13038
2,13045
1,13047
1,13049
12,13053
4,13056
1,13059
1,13061
1,13081
1,13083
1,13084
1,13091
1,13099
1,13119
1,13135
1,13155
1,13163
1,13195
1,13197
1,13206
1,13231
1,13238
1,13246
1,13284
1,13297
1,13302
1,13305
1,13330
1,13341
1,13370
1,13383
1,13391
1,13441
1,13455
1,13481
1,13490
1,13495
2,13496
1,13497
1,13523
1,13528
1,13532
3,13538
1,13543
2,13559
1,13566
1,13571
1,13587
1,13614
1,13651
1,13657
1,13693
1,13729
1,13730
1,13754
1,13761
1,13830
1,13835
1,13851
1,13878
1,13918
1,13941
1,13944
1,13956
1,13958
2,13992
1,13994
1,14005
1,14017
1,14025
2,14033
1,14076
1,14152
1,14161
1,14198
1,14237
1,14264
1,14276
2,14278
1,14282
1,14286
2,14292
1,14294
1,14296
1,14298
1,14306
1,14310
1,14312
2,14314
4,14316
2,14322
1,14324
1,14328
1,14332
2,14340
1,14344
1,14346
1,14350
1,14354
1,14358
2,14370
2,14378
1,14391
1,14393
1,14412
1,14447
1,14489
1,14496
1,14547
1,14556
1,14557
2,14574
1,14583
1,14648
1,14683
1,14805
1,14818
1,14834
1,14882
1,14905
1,14911
1,14944
1,14948
1,14982
3,14986
2,15002
2,15030
1,15105
1,15112
1,15171
1,15175
1,15193
1,15242
1,15254
1,15256
1,15257
1,15275
1,15287
1,15325
1,15535
1,15542
1,15655
1,15663
1,15718
2,15720
2,15724
3,15728
1,15732
4,15736
2,15738
1,15740
2,15746
2,15750
2,15752
1,15754
3,15756
1,15762
2,15772
2,15774
1,15778
1,15782
1,15786
2,15790
1,15796
1,15810
1,15814
1,15827
1,15830
2,15833
1,15867
1,15922
1,15934
1,15977
1,16012
1,16017
1,16040
1,16114
1,16121
1,16221
1,16265
1,16286
1,16288
1,16387
1,16391
1,16405
1,16420
1,16435
2,16444
1,16482
1,16497
1,16516
1,16566
1,16570
1,16598
1,16604
1,16612
1,16657
1,16669
1,16683
1,16787
1,16797
1,16806
1,16812
1,16840
1,16883
2,16966
1,16997
1,17014
1,17136
1,17178
1,17179
1,17196
1,17252
1,17387
1,17546
1,17633
1,17662
1,17789
1,17913
1,17979
1,18071
1,18100
3,18238
1,18404
1,18795
1,19044
1,19246
1,19327
1,19373
2,19378
1,19384
1,19388
3,19390
1,19392
5,19394
1,19396
3,19398
1,19400
2,19402
2,19404
5,19406
4,19408
3,19410
3,19412
4,19414
5,19418
1,19424
1,19428
3,19430
2,19432
3,19434
1,19436
2,19438
3,19442
3,19444
1,19448
2,19452
1,19453
1,19454
2,19456
2,19466
1,19487
1,19495
2,19496
5,19498
1,19500
3,19502
1,19504
1,19506
9,19508
2,19510
4,19512
4,19514
6,19516
2,19518
4,19522
3,19524
2,19526
6,19528
5,19530
5,19532
2,19534
5,19536
1,19538
3,19540
2,19542
3,19544
3,19546
1,19548
2,19550
4,19552
1,19554
2,19556
1,19558
1,19560
1,19562
1,19564
1,19566
3,19568
2,19570
1,19572
1,19580
1,19603
1,19607
1,19611
1,19613
1,19713
1,19788
1,19830
1,19943
1,19961
1,19962
1,19997
1,20073
1,20147
1,20616
1,20640
1,20653
1,20787
1,21000
1,21045
2,21301
1,21368
1,21390
1,21411
1,21449
1,21655
3,21932
1,22148
1,22149
1,22152
1,22393
1,22543
1,22566
1,22703
2,23222
1,23302
1,23564
1,23568
2,23700
1,23817
1,23866
1,23867
1,24011
1,24052
1,24374
1,25129
1,26272
1,26654
1,27002
1,27073
1,27112
1,27296
1,27502
1,27576
1,27736
1,27868
1,27880
1,27891
1,27904
1,27909
1,28624
1,28696
1,29221
1,29354
2,29460
1,29929
1,30225
1,30414
1,30873
1,30945
1,30951
1,31467
1,31736
1,31950
1,32056
1,32197
1,32379
1,32518
1,32755
1,33383
1,33468
1,33686
1,33721
1,33780
1,34134
1,34283
1,35729
1,36401
1,37451
1,37540
1,37730
1,37959
1,38563
1,39320
1,40168
1,40641
1,40765
1,41634
1,41656
1,42136
1,43854
1,44109
2,44376
1,44412
1,44609
1,44629
1,44632
1,44721
1,45334
1,45884
1,47076
1,47360
1,47415
1,47628
2,47629
1,47640
1,48993
1,50070
1,50258
1,50421
1,51348
1,51872
1,55032
1,59125
4,64527
2,64934
1,64971
1,66094
1,66327
1,68115
1,68647
1,70270
1,70530
1,71208
2,74828
1,75570
1,75822
1,87988
1,98827
1,106991
1,108752
1,137481
1,138008
1,142240
2,189336
1,194053
1,197676
1,198235
1,264828
1,413079